{
    "input_video_path": "vids/GH020013_2024_05_16_11-50-50.mp4",
    "output_video_path": "output/crusher_bin_bridge_4.mkv",
    "output_image_path": "images/",
    "output_audit_path": "output/audit_data.csv",
    "output_video": "output_video",
    "is_watching": true,
    "is_save_video": true,
    "offset": 34,
    "audit_results": true,
    "motion_offset": 1,
    "confidence_thres": 90,

    "roi_coords": {
        "roi_1": {
            "x1": 1570,
            "y1": 896,
            "x2": 1570,
            "y2": 0,
            "x3": 1310,
            "y3": 0,
            "x4": 1310,
            "y4": 896
        },
            "roi_2": {
            "x1": 24,
            "y1": 868,
            "x2": 24,
            "y2": 381,
            "x3": 207,
            "y3": 381,
            "x4": 207,
            "y4": 868
            }


    },
    "thresholds": {
        "daytime": {
            "sum_features": 13,
            "max_window_val": 10
        }
    },
        "dust": {
            "size": 60,
            "thresh": 2
    },
    "change_window": {
            "size": 10
    }
}